timestamp,machine_id,temperature,pressure,vibration,flow_rate,humidity,failure
2024-01-01 00:00:00,PUMP_1,64.59,41.25,1.99,63.37,32.5,0
2024-01-01 01:00:00,PUMP_1,71.48,33.67,0.86,69.53,31.41,0
2024-01-01 02:00:00,PUMP_1,78.05,43.96,0.5,79.77,45.44,0
2024-01-01 03:00:00,PUMP_1,75.29,28.12,0.56,65.74,40.0,0
2024-01-01 04:00:00,PUMP_1,61.17,44.55,1.08,52.72,45.46,0
2024-01-01 05:00:00,PUMP_1,69.56,44.71,1.67,75.8,47.01,0
2024-01-01 06:00:00,PUMP_1,71.26,28.23,2.86,66.9,39.64,0
2024-01-01 07:00:00,PUMP_1,60.4,31.93,1.1,70.5,45.25,0
2024-01-01 08:00:00,PUMP_1,80.83,30.95,1.48,55.47,48.88,0
2024-01-01 09:00:00,PUMP_1,70.63,31.54,1.92,50.94,51.06,0
2024-01-01 10:00:00,PUMP_1,127.99,74.88,14.41,25.91,81.53,0
2024-01-01 11:00:00,PUMP_1,132.82,78.02,14.69,27.67,89.95,1
2024-01-01 17:00:00,PUMP_1,74.67,44.41,2.02,58.28,37.41,0
2024-01-01 18:00:00,PUMP_1,64.13,28.27,1.56,61.85,37.34,0
2024-01-01 19:00:00,PUMP_1,60.35,31.38,2.28,73.71,45.15,0
2024-01-01 20:00:00,PUMP_1,83.16,39.07,2.79,75.5,41.24,0
2024-01-01 21:00:00,PUMP_1,62.39,34.3,2.17,69.98,44.78,0
2024-01-01 22:00:00,PUMP_1,66.87,37.54,1.46,79.15,51.22,0
2024-01-01 23:00:00,PUMP_1,78.04,32.01,1.14,51.21,47.77,0
2024-01-02 00:00:00,PUMP_1,62.77,35.47,1.0,76.87,41.88,0
2024-01-02 01:00:00,PUMP_1,74.08,39.82,0.85,68.13,43.5,0
2024-01-02 02:00:00,PUMP_1,65.08,44.03,2.0,70.84,52.01,0
2024-01-02 03:00:00,PUMP_1,134.97,72.39,7.84,21.85,79.37,0
2024-01-02 04:00:00,PUMP_1,126.66,87.08,9.59,16.83,82.13,1
2024-01-02 10:00:00,PUMP_1,62.75,31.87,1.57,74.54,51.52,0
2024-01-02 11:00:00,PUMP_1,60.17,36.68,1.54,56.66,33.0,0
2024-01-02 12:00:00,PUMP_1,68.44,44.03,1.31,65.56,47.58,0
2024-01-02 13:00:00,PUMP_1,69.09,44.52,2.91,57.55,42.43,0
2024-01-02 14:00:00,PUMP_1,67.52,32.84,0.59,68.29,42.57,0
2024-01-02 15:00:00,PUMP_1,61.29,32.74,2.77,57.19,33.62,0
2024-01-02 16:00:00,PUMP_1,72.24,44.76,1.11,70.16,49.04,0
2024-01-02 17:00:00,PUMP_1,65.94,40.38,1.42,68.97,45.84,0
2024-01-02 18:00:00,PUMP_1,73.39,29.53,2.59,59.62,34.66,0
2024-01-02 19:00:00,PUMP_1,61.02,38.05,2.19,50.5,42.8,0
2024-01-02 20:00:00,PUMP_1,65.66,38.97,0.94,70.73,39.67,0
2024-01-02 21:00:00,PUMP_1,147.47,68.44,9.73,16.7,93.49,0
2024-01-02 22:00:00,PUMP_1,145.09,71.45,12.28,27.26,86.1,1
2024-01-03 04:00:00,PUMP_1,66.52,44.94,2.91,66.75,52.07,0
2024-01-03 05:00:00,PUMP_1,64.72,32.74,2.25,75.4,51.41,0
2024-01-03 06:00:00,PUMP_1,70.11,43.09,2.63,78.07,49.63,0
2024-01-03 07:00:00,PUMP_1,76.72,37.87,1.43,78.2,54.34,0
2024-01-03 08:00:00,PUMP_1,67.1,33.19,1.71,63.45,54.86,0
2024-01-03 09:00:00,PUMP_1,64.4,28.31,1.73,55.36,39.16,0
2024-01-03 10:00:00,PUMP_1,78.6,40.26,1.27,66.28,42.72,0
2024-01-03 11:00:00,PUMP_1,75.91,32.26,1.97,79.37,42.17,0
2024-01-03 12:00:00,PUMP_1,82.65,35.38,1.38,69.35,46.72,0
2024-01-03 13:00:00,PUMP_1,144.57,70.75,10.99,23.58,90.37,0
2024-01-03 14:00:00,PUMP_1,111.74,89.86,10.76,19.19,92.67,1
2024-01-03 20:00:00,PUMP_1,60.39,43.78,1.57,79.0,54.09,0
2024-01-03 21:00:00,PUMP_1,81.33,33.01,1.46,75.53,37.92,0
2024-01-03 22:00:00,PUMP_1,64.24,37.47,2.84,70.88,44.25,0
2024-01-03 23:00:00,PUMP_1,62.43,38.46,2.98,54.2,42.96,0
2024-01-04 00:00:00,PUMP_1,81.93,40.59,2.24,71.07,38.99,0
2024-01-04 01:00:00,PUMP_1,67.34,41.76,2.53,76.01,52.83,0
2024-01-04 02:00:00,PUMP_1,72.78,36.53,2.5,69.5,47.55,0
2024-01-04 03:00:00,PUMP_1,79.89,43.13,1.34,61.27,32.35,0
2024-01-04 04:00:00,PUMP_1,74.46,28.61,1.66,66.28,37.16,0
2024-01-04 05:00:00,PUMP_1,133.63,65.76,7.3,27.34,82.2,0
2024-01-04 06:00:00,PUMP_1,115.08,78.06,13.16,18.24,87.46,1
2024-01-04 12:00:00,PUMP_1,81.05,31.3,1.53,70.99,33.46,0
2024-01-04 13:00:00,PUMP_1,63.32,44.48,2.29,51.23,39.97,0
2024-01-04 14:00:00,PUMP_1,70.84,40.65,1.13,55.53,32.02,0
2024-01-04 15:00:00,PUMP_1,70.71,39.7,0.65,77.46,41.06,0
2024-01-04 16:00:00,PUMP_1,65.99,29.6,0.96,78.04,45.96,0
2024-01-04 17:00:00,PUMP_1,72.92,39.17,1.59,71.9,31.19,0
2024-01-04 18:00:00,PUMP_1,74.15,30.7,0.8,60.26,32.29,0
2024-01-04 19:00:00,PUMP_1,62.35,33.29,2.95,55.26,30.43,0
2024-01-04 20:00:00,PUMP_1,79.08,41.72,1.37,63.94,46.24,0
2024-01-04 21:00:00,PUMP_1,111.92,88.73,14.09,18.91,75.31,0
2024-01-04 22:00:00,PUMP_1,147.34,77.53,11.32,25.26,87.32,1
2024-01-05 04:00:00,PUMP_1,60.66,37.96,2.85,67.26,39.7,0
2024-01-05 05:00:00,PUMP_1,76.08,35.79,1.86,78.24,39.65,0
2024-01-05 06:00:00,PUMP_1,84.03,43.39,0.99,52.08,32.52,0
2024-01-05 07:00:00,PUMP_1,60.46,29.61,2.21,52.14,37.97,0
2024-01-05 08:00:00,PUMP_1,81.12,28.4,2.54,58.46,32.95,0
2024-01-05 09:00:00,PUMP_1,77.42,38.69,2.69,72.05,50.09,0
2024-01-05 10:00:00,PUMP_1,67.05,31.02,2.38,74.21,54.76,0
2024-01-05 11:00:00,PUMP_1,126.5,74.3,13.21,20.11,93.62,0
2024-01-05 12:00:00,PUMP_1,144.34,75.72,13.01,26.32,77.06,1
2024-01-05 18:00:00,PUMP_1,73.36,36.44,1.47,58.93,32.5,0
2024-01-05 19:00:00,PUMP_1,61.34,44.3,2.62,60.65,53.92,0
2024-01-05 20:00:00,PUMP_1,76.92,36.2,1.73,52.5,32.29,0
2024-01-05 21:00:00,PUMP_1,75.06,37.41,1.03,78.39,49.53,0
2024-01-05 22:00:00,PUMP_1,62.84,43.83,2.94,79.88,31.4,0
2024-01-05 23:00:00,PUMP_1,78.43,37.28,2.26,79.06,47.2,0
2024-01-06 00:00:00,PUMP_1,143.48,86.67,13.71,21.39,79.45,0
2024-01-06 01:00:00,PUMP_1,125.87,87.3,8.17,22.7,79.66,1
2024-01-06 07:00:00,PUMP_1,69.27,41.82,2.87,79.58,48.83,0
2024-01-06 08:00:00,PUMP_1,69.41,29.42,2.44,66.75,40.61,0
2024-01-06 09:00:00,PUMP_1,82.66,29.89,1.73,50.34,41.72,0
2024-01-06 10:00:00,PUMP_1,61.41,30.02,0.79,69.48,48.65,0
2024-01-06 11:00:00,PUMP_1,74.58,44.36,1.44,58.57,51.71,0
2024-01-06 12:00:00,PUMP_1,65.59,44.37,0.53,79.1,31.08,0
2024-01-06 13:00:00,PUMP_1,82.28,36.97,2.98,52.21,43.85,0
2024-01-06 14:00:00,PUMP_1,84.23,36.89,2.07,70.87,41.36,0
2024-01-06 15:00:00,PUMP_1,75.69,37.93,2.75,51.36,37.02,0
2024-01-06 16:00:00,PUMP_1,83.76,43.13,1.64,68.6,36.93,0
2024-01-06 17:00:00,PUMP_1,117.52,76.59,9.83,23.75,76.55,0
2024-01-06 18:00:00,PUMP_1,148.98,89.66,12.59,23.04,81.19,1
2024-01-07 00:00:00,PUMP_1,75.07,32.61,0.83,52.29,53.51,0
2024-01-07 01:00:00,PUMP_1,70.42,37.88,2.8,52.48,51.92,0
2024-01-07 02:00:00,PUMP_1,73.79,30.8,1.53,73.33,42.01,0
2024-01-07 03:00:00,PUMP_1,84.63,34.4,2.37,61.79,50.73,0
2024-01-07 04:00:00,PUMP_1,74.23,29.08,0.59,54.02,30.34,0
2024-01-07 05:00:00,PUMP_1,61.88,39.76,1.84,72.5,52.83,0
2024-01-07 06:00:00,PUMP_1,74.63,40.34,2.39,61.34,36.03,0
2024-01-07 07:00:00,PUMP_1,65.13,32.27,1.19,56.22,51.96,0
2024-01-07 08:00:00,PUMP_1,78.92,28.8,1.17,50.67,42.45,0
2024-01-07 09:00:00,PUMP_1,129.05,85.78,9.46,27.25,94.36,0
2024-01-07 10:00:00,PUMP_1,113.54,84.8,11.72,22.2,83.41,1
2024-01-07 16:00:00,PUMP_1,75.51,39.97,1.03,54.09,30.36,0
2024-01-07 17:00:00,PUMP_1,68.76,38.03,1.48,63.12,52.6,0
2024-01-07 18:00:00,PUMP_1,68.71,36.74,2.46,61.9,45.55,0
2024-01-07 19:00:00,PUMP_1,81.56,44.14,0.87,77.8,42.3,0
2024-01-07 20:00:00,PUMP_1,66.46,35.81,2.95,64.78,38.22,0
2024-01-07 21:00:00,PUMP_1,75.84,32.08,0.69,53.87,33.2,0
2024-01-07 22:00:00,PUMP_1,63.8,30.36,2.1,55.46,38.64,0
2024-01-07 23:00:00,PUMP_1,82.42,36.06,2.17,55.17,34.81,0
2024-01-08 00:00:00,PUMP_1,61.02,30.87,1.2,55.31,32.22,0
2024-01-08 01:00:00,PUMP_1,63.02,35.83,1.02,60.93,42.59,0
2024-01-08 02:00:00,PUMP_1,137.62,65.98,13.4,24.42,76.64,0
2024-01-08 03:00:00,PUMP_1,144.94,88.02,7.49,19.15,91.12,1
2024-01-08 09:00:00,PUMP_1,74.93,44.77,1.84,77.72,35.9,0
2024-01-08 10:00:00,PUMP_1,79.0,37.03,2.3,51.87,33.69,0
2024-01-08 11:00:00,PUMP_1,63.33,39.68,2.61,72.49,30.76,0
2024-01-08 12:00:00,PUMP_1,81.68,34.02,1.49,53.15,48.44,0
2024-01-08 13:00:00,PUMP_1,64.56,37.59,2.6,52.68,43.38,0
2024-01-08 14:00:00,PUMP_1,65.83,33.83,1.68,60.65,46.22,0
2024-01-08 15:00:00,PUMP_1,129.18,79.6,12.89,23.37,86.73,0
2024-01-08 16:00:00,PUMP_1,132.58,74.47,9.7,28.49,87.15,1
2024-01-08 22:00:00,PUMP_1,68.9,44.77,2.01,57.12,32.54,0
2024-01-08 23:00:00,PUMP_1,63.82,32.18,0.9,55.6,37.13,0
2024-01-09 00:00:00,PUMP_1,64.33,43.25,0.7,65.74,40.26,0
2024-01-09 01:00:00,PUMP_1,84.56,29.9,1.49,79.08,51.64,0
2024-01-09 02:00:00,PUMP_1,80.43,32.38,0.93,70.06,53.23,0
2024-01-09 03:00:00,PUMP_1,73.92,37.72,1.2,73.08,34.68,0
2024-01-09 04:00:00,PUMP_1,68.09,35.23,1.77,57.27,32.87,0
2024-01-09 05:00:00,PUMP_1,75.27,32.91,1.95,54.63,42.03,0
2024-01-09 06:00:00,PUMP_1,131.3,66.3,9.69,17.02,76.27,0
2024-01-09 07:00:00,PUMP_1,149.6,73.06,13.48,18.82,88.63,1
2024-01-09 13:00:00,PUMP_1,62.92,36.04,2.02,73.83,32.67,0
2024-01-09 14:00:00,PUMP_1,81.27,40.68,1.52,77.99,54.77,0
2024-01-09 15:00:00,PUMP_1,65.13,34.45,2.82,71.65,31.2,0
2024-01-09 16:00:00,PUMP_1,79.54,42.07,2.38,73.99,50.63,0
2024-01-09 17:00:00,PUMP_1,64.66,32.01,2.08,77.24,37.9,0
2024-01-09 18:00:00,PUMP_1,74.71,39.61,1.63,71.41,52.49,0
2024-01-09 19:00:00,PUMP_1,134.96,78.49,10.51,23.66,82.11,0
2024-01-09 20:00:00,PUMP_1,125.66,78.3,7.53,18.44,85.86,1
2024-01-10 02:00:00,PUMP_1,83.5,38.67,1.34,54.18,49.85,0
2024-01-10 03:00:00,PUMP_1,75.5,37.07,2.73,73.66,33.79,0
2024-01-10 04:00:00,PUMP_1,67.79,32.22,2.36,51.01,44.25,0
2024-01-10 05:00:00,PUMP_1,79.06,42.91,1.36,74.64,32.77,0
2024-01-10 06:00:00,PUMP_1,81.16,30.17,1.49,73.92,33.75,0
2024-01-10 07:00:00,PUMP_1,65.73,40.28,2.3,69.23,47.35,0
2024-01-10 08:00:00,PUMP_1,73.57,32.28,1.36,55.45,52.71,0
2024-01-10 09:00:00,PUMP_1,74.58,34.81,1.66,78.42,33.83,0
2024-01-10 10:00:00,PUMP_1,74.66,36.6,2.03,50.54,51.8,0
2024-01-10 11:00:00,PUMP_1,83.3,37.61,2.24,77.67,47.68,0
2024-01-10 12:00:00,PUMP_1,63.81,37.8,2.02,62.72,48.41,0
2024-01-10 13:00:00,PUMP_1,147.37,88.14,10.61,16.7,94.7,0
2024-01-10 14:00:00,PUMP_1,143.56,68.12,14.37,28.05,85.38,1
2024-01-01 00:00:00,PUMP_2,78.61,31.49,2.47,68.11,32.86,0
2024-01-01 01:00:00,PUMP_2,70.36,42.68,2.81,63.97,42.02,0
2024-01-01 02:00:00,PUMP_2,82.96,37.98,0.58,77.38,36.21,0
2024-01-01 03:00:00,PUMP_2,74.44,30.81,0.58,59.34,49.51,0
2024-01-01 04:00:00,PUMP_2,66.94,31.74,1.03,65.46,54.39,0
2024-01-01 05:00:00,PUMP_2,71.47,37.47,2.65,66.05,34.61,0
2024-01-01 06:00:00,PUMP_2,121.98,72.75,10.18,21.4,91.0,0
2024-01-01 07:00:00,PUMP_2,123.98,76.71,12.0,20.67,91.73,1
2024-01-01 13:00:00,PUMP_2,61.64,41.18,1.63,65.73,41.02,0
2024-01-01 14:00:00,PUMP_2,70.02,37.51,0.89,55.46,51.54,0
2024-01-01 15:00:00,PUMP_2,83.65,34.35,1.18,69.32,40.22,0
2024-01-01 16:00:00,PUMP_2,60.63,30.65,2.29,69.77,30.68,0
2024-01-01 17:00:00,PUMP_2,65.55,31.93,2.18,50.59,32.6,0
2024-01-01 18:00:00,PUMP_2,80.0,31.04,2.13,57.15,32.49,0
2024-01-01 19:00:00,PUMP_2,66.08,40.28,2.64,74.91,39.93,0
2024-01-01 20:00:00,PUMP_2,76.7,31.48,1.23,76.89,30.33,0
2024-01-01 21:00:00,PUMP_2,113.42,70.2,7.21,17.72,86.66,0
2024-01-01 22:00:00,PUMP_2,126.86,87.32,13.54,20.13,80.19,1
2024-01-02 04:00:00,PUMP_2,69.08,28.58,2.58,60.36,49.35,0
2024-01-02 05:00:00,PUMP_2,69.07,42.64,1.05,79.24,49.49,0
2024-01-02 06:00:00,PUMP_2,62.86,37.62,2.96,64.13,34.55,0
2024-01-02 07:00:00,PUMP_2,72.12,36.71,2.35,70.97,40.06,0
2024-01-02 08:00:00,PUMP_2,65.45,38.97,1.55,53.97,52.51,0
2024-01-02 09:00:00,PUMP_2,77.28,39.61,2.56,65.89,50.38,0
2024-01-02 10:00:00,PUMP_2,72.45,29.14,1.51,64.92,48.01,0
2024-01-02 11:00:00,PUMP_2,114.26,68.5,9.11,19.0,89.64,0
2024-01-02 12:00:00,PUMP_2,120.03,80.83,10.95,23.6,91.76,1
2024-01-02 18:00:00,PUMP_2,69.58,36.82,0.62,54.99,48.45,0
2024-01-02 19:00:00,PUMP_2,62.07,38.25,1.11,61.68,37.22,0
2024-01-02 20:00:00,PUMP_2,68.89,40.22,1.24,66.99,41.9,0
2024-01-02 21:00:00,PUMP_2,76.59,43.93,2.33,56.45,30.78,0
2024-01-02 22:00:00,PUMP_2,66.56,38.12,0.63,64.89,44.92,0
2024-01-02 23:00:00,PUMP_2,68.36,41.11,0.77,52.25,48.2,0
2024-01-03 00:00:00,PUMP_2,72.39,39.7,1.59,57.39,50.48,0
2024-01-03 01:00:00,PUMP_2,79.99,39.81,1.18,67.71,39.02,0
2024-01-03 02:00:00,PUMP_2,62.29,43.59,0.84,78.51,41.15,0
2024-01-03 03:00:00,PUMP_2,64.63,37.21,2.68,71.97,50.16,0
2024-01-03 04:00:00,PUMP_2,136.35,82.31,13.79,18.75,84.79,0
2024-01-03 05:00:00,PUMP_2,118.85,89.69,14.55,15.59,89.11,1
2024-01-03 11:00:00,PUMP_2,64.51,37.66,2.79,51.02,47.44,0
2024-01-03 12:00:00,PUMP_2,67.43,43.71,2.93,78.33,41.86,0
2024-01-03 13:00:00,PUMP_2,81.55,42.36,1.3,74.87,30.93,0
2024-01-03 14:00:00,PUMP_2,74.91,31.91,0.8,52.31,47.41,0
2024-01-03 15:00:00,PUMP_2,68.5,40.32,0.66,59.46,43.49,0
2024-01-03 16:00:00,PUMP_2,79.77,33.42,2.06,76.58,45.4,0
2024-01-03 17:00:00,PUMP_2,119.32,65.61,13.96,15.32,92.49,0
2024-01-03 18:00:00,PUMP_2,131.16,88.48,13.39,29.97,82.01,1
2024-01-04 00:00:00,PUMP_2,62.21,28.64,1.7,67.42,36.79,0
2024-01-04 01:00:00,PUMP_2,69.96,29.56,1.34,65.68,48.31,0
2024-01-04 02:00:00,PUMP_2,60.08,35.94,1.24,75.58,47.89,0
2024-01-04 03:00:00,PUMP_2,74.73,32.71,2.78,51.35,32.74,0
2024-01-04 04:00:00,PUMP_2,69.79,30.12,2.89,73.94,36.47,0
2024-01-04 05:00:00,PUMP_2,74.71,44.7,2.71,68.02,52.59,0
2024-01-04 06:00:00,PUMP_2,84.73,40.64,0.66,62.05,50.95,0
2024-01-04 07:00:00,PUMP_2,65.76,42.12,0.8,51.41,39.6,0
2024-01-04 08:00:00,PUMP_2,60.92,44.27,2.57,74.02,45.74,0
2024-01-04 09:00:00,PUMP_2,65.41,36.81,1.99,65.75,36.51,0
2024-01-04 10:00:00,PUMP_2,72.88,36.35,2.99,76.92,41.58,0
2024-01-04 11:00:00,PUMP_2,134.92,83.7,7.28,28.42,92.2,0
2024-01-04 12:00:00,PUMP_2,128.3,74.78,9.18,22.15,75.89,1
2024-01-04 18:00:00,PUMP_2,81.55,41.76,2.14,66.53,32.17,0
2024-01-04 19:00:00,PUMP_2,70.21,34.34,1.15,71.7,42.4,0
2024-01-04 20:00:00,PUMP_2,62.03,31.74,2.21,52.28,51.28,0
2024-01-04 21:00:00,PUMP_2,72.38,36.17,1.98,74.74,38.7,0
2024-01-04 22:00:00,PUMP_2,76.95,37.62,1.17,76.36,49.94,0
2024-01-04 23:00:00,PUMP_2,76.46,42.46,2.67,71.25,50.93,0
2024-01-05 00:00:00,PUMP_2,77.44,39.56,2.05,72.58,33.97,0
2024-01-05 01:00:00,PUMP_2,145.23,86.8,7.23,27.39,77.58,0
2024-01-05 02:00:00,PUMP_2,123.4,83.59,8.29,27.27,91.64,1
2024-01-05 08:00:00,PUMP_2,66.47,31.28,0.71,59.79,44.0,0
2024-01-05 09:00:00,PUMP_2,62.9,34.4,0.52,74.56,33.21,0
2024-01-05 10:00:00,PUMP_2,67.08,28.31,1.58,75.2,39.8,0
2024-01-05 11:00:00,PUMP_2,64.49,40.81,2.47,55.21,49.27,0
2024-01-05 12:00:00,PUMP_2,83.68,30.83,2.43,71.26,41.84,0
2024-01-05 13:00:00,PUMP_2,61.45,29.27,2.63,79.7,46.9,0
2024-01-05 14:00:00,PUMP_2,71.15,39.01,1.99,61.51,31.64,0
2024-01-05 15:00:00,PUMP_2,80.54,34.32,2.55,57.58,30.03,0
2024-01-05 16:00:00,PUMP_2,63.97,35.97,2.86,53.07,51.36,0
2024-01-05 17:00:00,PUMP_2,73.18,42.04,1.25,75.2,49.32,0
2024-01-05 18:00:00,PUMP_2,119.2,68.28,13.94,29.45,75.63,0
2024-01-05 19:00:00,PUMP_2,139.25,87.74,13.86,29.47,90.2,1
2024-01-06 01:00:00,PUMP_2,84.6,34.96,2.74,56.9,35.33,0
2024-01-06 02:00:00,PUMP_2,60.78,39.08,1.42,75.93,41.83,0
2024-01-06 03:00:00,PUMP_2,84.2,31.15,2.67,73.3,49.27,0
2024-01-06 04:00:00,PUMP_2,81.12,40.94,2.07,53.94,30.81,0
2024-01-06 05:00:00,PUMP_2,83.02,38.48,2.49,64.45,32.93,0
2024-01-06 06:00:00,PUMP_2,63.13,39.65,1.58,56.02,42.29,0
2024-01-06 07:00:00,PUMP_2,61.61,37.89,1.17,73.93,37.76,0
2024-01-06 08:00:00,PUMP_2,71.38,28.2,0.68,61.77,42.0,0
2024-01-06 09:00:00,PUMP_2,75.0,32.96,2.24,75.8,49.5,0
2024-01-06 10:00:00,PUMP_2,60.99,36.17,0.76,57.26,54.67,0
2024-01-06 11:00:00,PUMP_2,115.7,77.47,11.95,25.54,86.19,0
2024-01-06 12:00:00,PUMP_2,110.39,73.16,11.14,16.32,82.01,1
2024-01-06 18:00:00,PUMP_2,80.61,34.08,1.31,79.32,35.02,0
2024-01-06 19:00:00,PUMP_2,77.33,41.96,0.6,70.11,53.79,0
2024-01-06 20:00:00,PUMP_2,63.11,43.24,1.99,68.5,45.32,0
2024-01-06 21:00:00,PUMP_2,67.47,43.9,2.87,68.76,49.59,0
2024-01-06 22:00:00,PUMP_2,75.31,36.23,2.15,66.59,44.94,0
2024-01-06 23:00:00,PUMP_2,79.6,36.18,0.6,54.92,40.97,0
2024-01-07 00:00:00,PUMP_2,138.99,79.83,12.2,22.19,87.31,0
2024-01-07 01:00:00,PUMP_2,123.16,76.75,12.95,28.08,83.67,1
2024-01-07 07:00:00,PUMP_2,64.04,28.35,2.13,59.97,43.56,0
2024-01-07 08:00:00,PUMP_2,72.33,29.39,1.51,56.62,40.46,0
2024-01-07 09:00:00,PUMP_2,65.09,42.29,0.94,78.82,40.4,0
2024-01-07 10:00:00,PUMP_2,81.16,38.69,2.34,73.03,42.62,0
2024-01-07 11:00:00,PUMP_2,73.58,36.74,1.97,50.88,39.89,0
2024-01-07 12:00:00,PUMP_2,75.15,38.16,2.48,69.65,54.8,0
2024-01-07 13:00:00,PUMP_2,67.1,34.11,1.46,63.97,50.9,0
2024-01-07 14:00:00,PUMP_2,65.89,41.19,1.51,68.06,45.81,0
2024-01-07 15:00:00,PUMP_2,124.91,77.82,10.3,16.04,83.74,0
2024-01-07 16:00:00,PUMP_2,113.9,75.13,11.74,23.69,88.25,1
2024-01-07 22:00:00,PUMP_2,76.3,33.31,1.5,75.74,30.23,0
2024-01-07 23:00:00,PUMP_2,74.71,38.18,1.49,57.11,35.87,0
2024-01-08 00:00:00,PUMP_2,82.09,35.51,1.33,63.46,46.73,0
2024-01-08 01:00:00,PUMP_2,63.64,35.64,1.97,78.46,36.31,0
2024-01-08 02:00:00,PUMP_2,68.98,34.45,2.01,60.7,43.34,0
2024-01-08 03:00:00,PUMP_2,79.54,39.99,1.62,75.93,43.95,0
2024-01-08 04:00:00,PUMP_2,73.5,28.58,2.97,53.69,35.78,0
2024-01-08 05:00:00,PUMP_2,61.29,38.88,1.06,55.4,32.21,0
2024-01-08 06:00:00,PUMP_2,62.58,37.94,2.22,61.92,42.0,0
2024-01-08 07:00:00,PUMP_2,77.15,28.3,1.31,79.19,44.5,0
2024-01-08 08:00:00,PUMP_2,66.36,36.87,1.36,65.97,33.14,0
2024-01-08 09:00:00,PUMP_2,115.31,68.59,14.52,25.99,78.25,0
2024-01-08 10:00:00,PUMP_2,117.53,83.27,8.25,18.52,94.27,1
2024-01-08 16:00:00,PUMP_2,76.54,44.64,1.44,50.53,36.1,0
2024-01-08 17:00:00,PUMP_2,80.77,42.7,2.42,53.39,49.89,0
2024-01-08 18:00:00,PUMP_2,82.97,38.21,2.85,74.81,46.67,0
2024-01-08 19:00:00,PUMP_2,74.43,33.93,0.9,68.15,37.95,0
2024-01-08 20:00:00,PUMP_2,81.66,44.89,2.38,52.71,37.22,0
2024-01-08 21:00:00,PUMP_2,62.73,39.06,2.41,77.77,40.95,0
2024-01-08 22:00:00,PUMP_2,82.53,42.92,1.29,76.07,39.39,0
2024-01-08 23:00:00,PUMP_2,121.87,81.23,9.63,24.45,87.2,0
2024-01-09 00:00:00,PUMP_2,132.54,74.51,11.39,23.95,85.91,1
2024-01-09 06:00:00,PUMP_2,65.68,29.24,2.01,70.05,45.49,0
2024-01-09 07:00:00,PUMP_2,71.59,34.46,2.66,65.57,41.98,0
2024-01-09 08:00:00,PUMP_2,60.64,33.8,1.45,61.96,44.5,0
2024-01-09 09:00:00,PUMP_2,73.34,38.33,2.41,74.39,47.95,0
2024-01-09 10:00:00,PUMP_2,83.89,28.31,0.99,50.23,46.19,0
2024-01-09 11:00:00,PUMP_2,82.45,32.14,2.82,51.81,53.36,0
2024-01-09 12:00:00,PUMP_2,68.79,29.72,1.71,57.7,37.12,0
2024-01-09 13:00:00,PUMP_2,67.68,41.65,1.85,59.34,45.26,0
2024-01-09 14:00:00,PUMP_2,138.65,71.82,10.31,16.83,78.62,0
2024-01-09 15:00:00,PUMP_2,137.24,69.54,11.2,25.64,77.14,1
2024-01-09 21:00:00,PUMP_2,64.63,43.6,1.56,52.61,50.39,0
2024-01-09 22:00:00,PUMP_2,69.34,36.95,0.78,50.08,45.95,0
2024-01-09 23:00:00,PUMP_2,72.88,38.09,2.48,69.4,34.37,0
2024-01-10 00:00:00,PUMP_2,69.02,43.4,2.42,66.7,36.39,0
2024-01-10 01:00:00,PUMP_2,67.55,40.44,2.63,70.14,50.24,0
2024-01-10 02:00:00,PUMP_2,79.17,30.54,1.56,54.59,35.88,0
2024-01-10 03:00:00,PUMP_2,81.73,36.04,1.84,55.35,37.81,0
2024-01-10 04:00:00,PUMP_2,119.21,70.15,12.1,18.85,87.64,0
2024-01-10 05:00:00,PUMP_2,112.34,68.54,9.2,23.96,88.52,1
2024-01-10 11:00:00,PUMP_2,70.7,40.2,2.23,79.74,33.21,0
2024-01-10 12:00:00,PUMP_2,62.6,40.31,1.95,58.22,31.99,0
2024-01-10 13:00:00,PUMP_2,62.14,43.2,0.98,59.7,35.67,0
2024-01-10 14:00:00,PUMP_2,68.87,29.18,1.8,52.03,50.01,0
2024-01-10 15:00:00,PUMP_2,65.84,37.18,2.7,69.53,43.32,0
2024-01-10 16:00:00,PUMP_2,68.11,33.66,2.17,79.82,46.55,0
2024-01-10 17:00:00,PUMP_2,73.94,40.42,1.66,51.8,44.06,0
2024-01-10 18:00:00,PUMP_2,148.31,69.38,12.52,18.01,85.72,0
2024-01-10 19:00:00,PUMP_2,113.87,76.26,13.05,20.21,88.3,1
2024-01-01 00:00:00,COMP_1,83.18,31.99,1.5,54.57,54.81,0
2024-01-01 01:00:00,COMP_1,83.18,37.18,2.61,65.63,45.59,0
2024-01-01 02:00:00,COMP_1,62.23,40.84,0.82,74.78,49.55,0
2024-01-01 03:00:00,COMP_1,77.72,28.61,1.26,57.89,39.0,0
2024-01-01 04:00:00,COMP_1,62.19,43.93,1.88,59.17,39.92,0
2024-01-01 05:00:00,COMP_1,71.18,38.21,1.79,77.58,42.42,0
2024-01-01 06:00:00,COMP_1,84.8,42.47,1.02,77.92,32.91,0
2024-01-01 07:00:00,COMP_1,80.44,34.47,2.69,76.04,50.15,0
2024-01-01 08:00:00,COMP_1,141.6,72.62,7.65,21.04,78.47,0
2024-01-01 09:00:00,COMP_1,137.8,73.65,14.8,24.61,91.45,1
2024-01-01 15:00:00,COMP_1,71.98,33.33,2.02,54.18,52.46,0
2024-01-01 16:00:00,COMP_1,80.73,33.4,2.88,74.76,46.66,0
2024-01-01 17:00:00,COMP_1,63.04,36.13,1.77,56.98,32.0,0
2024-01-01 18:00:00,COMP_1,79.42,30.07,1.99,78.09,51.9,0
2024-01-01 19:00:00,COMP_1,66.94,42.47,0.5,50.53,45.06,0
2024-01-01 20:00:00,COMP_1,69.12,34.57,1.91,55.75,35.29,0
2024-01-01 21:00:00,COMP_1,129.38,83.86,11.96,19.46,83.61,0
2024-01-01 22:00:00,COMP_1,116.83,66.87,13.26,18.98,78.56,1
2024-01-02 04:00:00,COMP_1,75.45,38.76,1.07,56.98,35.52,0
2024-01-02 05:00:00,COMP_1,64.34,39.15,2.62,71.73,49.8,0
2024-01-02 06:00:00,COMP_1,70.12,39.12,1.39,65.77,42.04,0
2024-01-02 07:00:00,COMP_1,64.42,34.58,2.91,57.46,33.35,0
2024-01-02 08:00:00,COMP_1,70.46,41.44,1.96,70.43,34.74,0
2024-01-02 09:00:00,COMP_1,75.47,33.5,2.59,68.88,34.97,0
2024-01-02 10:00:00,COMP_1,61.62,28.72,1.43,57.98,46.15,0
2024-01-02 11:00:00,COMP_1,72.48,32.52,0.87,53.82,51.62,0
2024-01-02 12:00:00,COMP_1,66.09,39.08,2.53,68.42,51.49,0
2024-01-02 13:00:00,COMP_1,125.7,88.91,8.07,16.53,88.17,0
2024-01-02 14:00:00,COMP_1,147.71,85.22,7.61,19.19,93.61,1
2024-01-02 20:00:00,COMP_1,79.53,42.03,1.74,61.59,41.25,0
2024-01-02 21:00:00,COMP_1,65.67,43.12,1.63,76.47,32.64,0
2024-01-02 22:00:00,COMP_1,84.71,35.54,0.62,51.14,48.66,0
2024-01-02 23:00:00,COMP_1,76.48,41.64,0.76,51.07,42.71,0
2024-01-03 00:00:00,COMP_1,69.69,35.85,2.98,79.12,53.56,0
2024-01-03 01:00:00,COMP_1,79.6,34.03,1.53,66.49,50.76,0
2024-01-03 02:00:00,COMP_1,61.72,35.21,0.71,65.44,52.47,0
2024-01-03 03:00:00,COMP_1,79.56,31.87,2.94,70.02,30.26,0
2024-01-03 04:00:00,COMP_1,66.39,32.43,0.67,78.79,41.96,0
2024-01-03 05:00:00,COMP_1,145.83,73.06,8.0,22.12,77.28,0
2024-01-03 06:00:00,COMP_1,129.44,88.01,11.17,24.25,78.13,1
2024-01-03 12:00:00,COMP_1,68.46,43.78,1.06,61.17,40.8,0
2024-01-03 13:00:00,COMP_1,70.99,38.42,2.86,57.22,33.04,0
2024-01-03 14:00:00,COMP_1,64.94,43.08,2.11,58.58,50.4,0
2024-01-03 15:00:00,COMP_1,81.53,42.39,2.8,57.57,48.88,0
2024-01-03 16:00:00,COMP_1,71.51,42.31,2.32,73.29,46.4,0
2024-01-03 17:00:00,COMP_1,64.44,37.27,2.96,78.12,31.08,0
2024-01-03 18:00:00,COMP_1,64.12,30.24,2.31,74.53,35.34,0
2024-01-03 19:00:00,COMP_1,130.23,86.02,12.86,23.13,86.81,0
2024-01-03 20:00:00,COMP_1,130.33,72.44,11.52,25.33,92.47,1
2024-01-04 02:00:00,COMP_1,79.03,30.72,1.65,50.28,36.17,0
2024-01-04 03:00:00,COMP_1,78.16,44.86,0.75,62.04,50.0,0
2024-01-04 04:00:00,COMP_1,65.1,37.44,2.33,68.48,34.7,0
2024-01-04 05:00:00,COMP_1,68.88,41.32,1.89,50.16,49.02,0
2024-01-04 06:00:00,COMP_1,60.88,40.68,1.01,78.74,39.2,0
2024-01-04 07:00:00,COMP_1,68.17,30.53,1.26,76.3,54.91,0
2024-01-04 08:00:00,COMP_1,124.73,76.22,12.78,28.29,86.86,0
2024-01-04 09:00:00,COMP_1,125.66,75.32,12.56,15.05,87.39,1
2024-01-04 15:00:00,COMP_1,64.53,34.59,1.51,76.23,42.75,0
2024-01-04 16:00:00,COMP_1,78.09,29.77,1.06,71.09,31.32,0
2024-01-04 17:00:00,COMP_1,72.16,38.19,2.01,50.69,38.05,0
2024-01-04 18:00:00,COMP_1,75.91,30.53,2.24,72.38,54.55,0
2024-01-04 19:00:00,COMP_1,65.25,42.03,1.8,61.2,33.06,0
2024-01-04 20:00:00,COMP_1,78.39,32.01,1.43,51.88,50.03,0
2024-01-04 21:00:00,COMP_1,79.16,40.47,1.25,55.2,45.94,0
2024-01-04 22:00:00,COMP_1,72.4,31.03,2.21,79.73,48.68,0
2024-01-04 23:00:00,COMP_1,78.5,44.16,1.01,66.97,54.49,0
2024-01-05 00:00:00,COMP_1,116.61,82.51,11.69,23.8,88.95,0
2024-01-05 01:00:00,COMP_1,147.18,84.56,7.45,27.79,79.51,1
2024-01-05 07:00:00,COMP_1,81.05,31.16,2.51,63.75,42.07,0
2024-01-05 08:00:00,COMP_1,63.34,29.37,2.32,64.89,40.92,0
2024-01-05 09:00:00,COMP_1,78.24,41.01,0.9,68.31,33.38,0
2024-01-05 10:00:00,COMP_1,78.78,39.17,2.89,52.07,31.43,0
2024-01-05 11:00:00,COMP_1,67.05,32.45,1.12,77.19,36.24,0
2024-01-05 12:00:00,COMP_1,66.8,40.91,1.62,73.3,31.63,0
2024-01-05 13:00:00,COMP_1,72.19,28.57,0.66,77.19,33.48,0
2024-01-05 14:00:00,COMP_1,73.31,34.99,1.37,77.0,30.55,0
2024-01-05 15:00:00,COMP_1,76.59,44.38,1.9,78.1,31.31,0
2024-01-05 16:00:00,COMP_1,70.47,32.42,2.33,79.44,36.41,0
2024-01-05 17:00:00,COMP_1,136.17,69.95,11.52,21.96,94.44,0
2024-01-05 18:00:00,COMP_1,134.34,73.74,7.91,17.27,79.51,1
2024-01-06 00:00:00,COMP_1,62.22,39.62,1.86,79.42,35.69,0
2024-01-06 01:00:00,COMP_1,70.1,37.22,2.48,66.47,45.32,0
2024-01-06 02:00:00,COMP_1,65.65,42.4,1.57,54.23,46.6,0
2024-01-06 03:00:00,COMP_1,65.4,29.66,2.65,63.8,48.73,0
2024-01-06 04:00:00,COMP_1,67.26,41.38,0.78,60.68,54.45,0
2024-01-06 05:00:00,COMP_1,79.85,36.45,1.35,76.16,43.62,0
2024-01-06 06:00:00,COMP_1,78.96,40.82,0.54,53.79,46.49,0
2024-01-06 07:00:00,COMP_1,116.46,71.39,14.57,23.4,90.01,0
2024-01-06 08:00:00,COMP_1,132.32,78.81,7.75,20.15,80.65,1
2024-01-06 14:00:00,COMP_1,72.45,29.79,2.14,74.66,39.51,0
2024-01-06 15:00:00,COMP_1,79.39,44.4,1.01,65.7,37.18,0
2024-01-06 16:00:00,COMP_1,79.82,37.82,2.09,73.94,39.9,0
2024-01-06 17:00:00,COMP_1,82.88,37.06,0.89,70.88,49.83,0
2024-01-06 18:00:00,COMP_1,67.92,42.57,2.77,58.31,54.59,0
2024-01-06 19:00:00,COMP_1,63.52,31.43,0.96,76.82,46.36,0
2024-01-06 20:00:00,COMP_1,63.8,35.49,2.04,52.5,52.06,0
2024-01-06 21:00:00,COMP_1,142.14,77.63,14.74,21.27,94.68,0
2024-01-06 22:00:00,COMP_1,136.72,80.87,8.33,28.23,83.55,1
2024-01-07 04:00:00,COMP_1,77.17,29.58,0.57,74.69,35.24,0
2024-01-07 05:00:00,COMP_1,69.48,44.55,1.34,58.89,52.96,0
2024-01-07 06:00:00,COMP_1,62.77,40.91,2.97,77.04,46.29,0
2024-01-07 07:00:00,COMP_1,67.85,32.32,2.55,76.39,43.14,0
2024-01-07 08:00:00,COMP_1,66.11,29.92,0.72,71.57,40.5,0
2024-01-07 09:00:00,COMP_1,82.63,40.57,0.98,68.41,40.89,0
2024-01-07 10:00:00,COMP_1,74.43,40.55,2.52,75.31,36.35,0
2024-01-07 11:00:00,COMP_1,60.78,40.57,0.77,59.45,30.1,0
2024-01-07 12:00:00,COMP_1,137.27,69.18,12.24,29.88,76.45,0
2024-01-07 13:00:00,COMP_1,113.08,73.51,13.93,18.23,82.21,1
2024-01-07 19:00:00,COMP_1,60.83,33.17,2.13,78.15,51.78,0
2024-01-07 20:00:00,COMP_1,79.15,41.4,2.16,57.81,52.68,0
2024-01-07 21:00:00,COMP_1,76.77,37.53,0.78,63.41,41.51,0
2024-01-07 22:00:00,COMP_1,81.61,37.29,1.45,79.3,32.77,0
2024-01-07 23:00:00,COMP_1,70.56,28.71,2.35,77.54,37.0,0
2024-01-08 00:00:00,COMP_1,81.46,32.97,2.78,72.62,50.12,0
2024-01-08 01:00:00,COMP_1,60.45,44.37,2.32,59.14,50.73,0
2024-01-08 02:00:00,COMP_1,67.04,42.84,0.78,71.11,43.52,0
2024-01-08 03:00:00,COMP_1,62.41,32.11,0.53,64.06,37.53,0
2024-01-08 04:00:00,COMP_1,74.96,33.05,1.25,72.3,31.2,0
2024-01-08 05:00:00,COMP_1,146.12,86.31,12.34,23.9,92.85,0
2024-01-08 06:00:00,COMP_1,117.41,66.97,8.92,26.92,75.69,1
2024-01-08 12:00:00,COMP_1,66.69,41.42,1.93,69.76,36.31,0
2024-01-08 13:00:00,COMP_1,65.51,36.3,2.34,65.76,30.82,0
2024-01-08 14:00:00,COMP_1,81.71,29.1,2.89,50.75,47.36,0
2024-01-08 15:00:00,COMP_1,62.06,43.48,1.66,54.13,38.52,0
2024-01-08 16:00:00,COMP_1,64.12,30.9,2.87,63.36,49.72,0
2024-01-08 17:00:00,COMP_1,75.99,39.5,0.83,57.03,49.67,0
2024-01-08 18:00:00,COMP_1,84.27,32.47,1.18,64.19,54.6,0
2024-01-08 19:00:00,COMP_1,66.72,34.92,2.73,50.09,30.99,0
2024-01-08 20:00:00,COMP_1,134.16,87.68,8.91,22.04,84.01,0
2024-01-08 21:00:00,COMP_1,128.92,80.56,10.76,21.71,84.49,1
2024-01-09 03:00:00,COMP_1,72.91,28.09,0.52,56.57,30.92,0
2024-01-09 04:00:00,COMP_1,62.7,33.76,2.51,67.16,42.82,0
2024-01-09 05:00:00,COMP_1,67.34,43.84,1.49,52.61,45.43,0
2024-01-09 06:00:00,COMP_1,62.85,33.87,1.77,76.23,42.34,0
2024-01-09 07:00:00,COMP_1,77.56,44.88,0.83,58.24,39.86,0
2024-01-09 08:00:00,COMP_1,70.55,34.99,2.77,71.42,45.2,0
2024-01-09 09:00:00,COMP_1,122.37,85.59,14.64,27.32,75.03,0
2024-01-09 10:00:00,COMP_1,135.46,66.28,9.06,15.89,87.08,1
2024-01-09 16:00:00,COMP_1,66.42,39.31,2.5,69.88,32.31,0
2024-01-09 17:00:00,COMP_1,74.91,37.34,2.75,62.13,38.03,0
2024-01-09 18:00:00,COMP_1,78.75,35.02,2.12,69.39,52.2,0
2024-01-09 19:00:00,COMP_1,74.97,36.54,0.85,53.47,33.86,0
2024-01-09 20:00:00,COMP_1,64.3,38.84,2.35,65.9,50.73,0
2024-01-09 21:00:00,COMP_1,84.78,41.94,2.24,65.97,41.22,0
2024-01-09 22:00:00,COMP_1,62.11,34.79,2.78,74.24,35.4,0
2024-01-09 23:00:00,COMP_1,128.66,85.42,7.54,20.81,92.04,0
2024-01-10 00:00:00,COMP_1,126.16,66.94,11.34,27.93,86.81,1
2024-01-01 00:00:00,COMP_2,69.61,35.65,1.95,72.78,32.47,0
2024-01-01 01:00:00,COMP_2,82.24,28.21,1.43,50.82,39.82,0
2024-01-01 02:00:00,COMP_2,73.15,36.7,0.91,69.37,31.12,0
2024-01-01 03:00:00,COMP_2,79.05,44.09,1.35,65.52,39.47,0
2024-01-01 04:00:00,COMP_2,60.17,34.56,2.48,67.88,32.53,0
2024-01-01 05:00:00,COMP_2,81.18,37.03,2.6,67.41,43.99,0
2024-01-01 06:00:00,COMP_2,62.63,30.85,2.93,56.85,54.44,0
2024-01-01 07:00:00,COMP_2,131.28,68.39,7.79,18.13,93.51,0
2024-01-01 08:00:00,COMP_2,126.57,74.89,9.51,17.21,84.76,1
2024-01-01 14:00:00,COMP_2,82.5,29.97,2.89,59.42,52.21,0
2024-01-01 15:00:00,COMP_2,75.07,42.05,2.96,58.65,54.03,0
2024-01-01 16:00:00,COMP_2,69.74,34.55,1.35,66.24,33.85,0
2024-01-01 17:00:00,COMP_2,73.84,37.21,2.4,75.01,41.01,0
2024-01-01 18:00:00,COMP_2,67.56,32.41,0.99,51.73,38.56,0
2024-01-01 19:00:00,COMP_2,66.76,44.43,1.89,60.42,44.51,0
2024-01-01 20:00:00,COMP_2,63.48,35.55,2.07,64.67,40.04,0
2024-01-01 21:00:00,COMP_2,149.75,87.01,11.99,23.54,87.41,0
2024-01-01 22:00:00,COMP_2,118.05,74.88,7.32,22.13,85.86,1
2024-01-02 04:00:00,COMP_2,63.31,38.08,2.0,60.6,41.46,0
2024-01-02 05:00:00,COMP_2,60.95,40.68,1.87,51.73,47.02,0
2024-01-02 06:00:00,COMP_2,71.67,28.59,2.92,78.47,42.82,0
2024-01-02 07:00:00,COMP_2,62.34,40.83,1.73,59.07,42.29,0
2024-01-02 08:00:00,COMP_2,73.06,37.57,1.6,68.17,52.97,0
2024-01-02 09:00:00,COMP_2,69.06,40.34,2.74,63.68,41.09,0
2024-01-02 10:00:00,COMP_2,75.05,38.05,2.52,64.29,54.9,0
2024-01-02 11:00:00,COMP_2,61.49,28.05,2.1,58.95,36.01,0
2024-01-02 12:00:00,COMP_2,122.48,71.4,7.25,29.57,79.41,0
2024-01-02 13:00:00,COMP_2,139.36,84.06,14.43,15.46,92.44,1
2024-01-02 19:00:00,COMP_2,63.36,33.09,1.4,74.13,36.97,0
2024-01-02 20:00:00,COMP_2,65.27,44.28,0.52,79.93,46.92,0
2024-01-02 21:00:00,COMP_2,80.71,33.01,0.54,72.14,50.85,0
2024-01-02 22:00:00,COMP_2,78.51,30.43,2.38,73.07,46.46,0
2024-01-02 23:00:00,COMP_2,79.15,42.38,2.03,52.66,42.19,0
2024-01-03 00:00:00,COMP_2,61.94,34.93,1.52,51.98,38.72,0
2024-01-03 01:00:00,COMP_2,62.77,41.74,2.87,52.17,53.88,0
2024-01-03 02:00:00,COMP_2,130.9,72.49,7.61,22.51,90.89,0
2024-01-03 03:00:00,COMP_2,138.28,66.26,7.58,21.04,80.91,1
2024-01-03 09:00:00,COMP_2,81.59,34.82,1.23,54.57,36.65,0
2024-01-03 10:00:00,COMP_2,60.55,37.92,2.61,66.47,35.48,0
2024-01-03 11:00:00,COMP_2,60.84,31.65,1.54,72.79,34.7,0
2024-01-03 12:00:00,COMP_2,77.99,42.74,1.63,74.64,43.87,0
2024-01-03 13:00:00,COMP_2,75.93,36.95,1.66,57.04,37.58,0
2024-01-03 14:00:00,COMP_2,67.25,37.58,0.8,77.5,48.02,0
2024-01-03 15:00:00,COMP_2,70.04,30.7,2.7,74.71,48.04,0
2024-01-03 16:00:00,COMP_2,66.79,34.84,0.76,55.67,49.58,0
2024-01-03 17:00:00,COMP_2,77.88,38.09,2.74,67.5,41.67,0
2024-01-03 18:00:00,COMP_2,123.61,88.51,7.66,28.96,91.53,0
2024-01-03 19:00:00,COMP_2,115.2,79.12,13.93,23.58,93.14,1
2024-01-04 01:00:00,COMP_2,70.85,43.47,1.44,78.92,32.23,0
2024-01-04 02:00:00,COMP_2,77.18,36.39,1.47,68.98,47.6,0
2024-01-04 03:00:00,COMP_2,60.11,30.84,2.28,69.99,54.15,0
2024-01-04 04:00:00,COMP_2,79.03,44.16,2.26,58.94,32.63,0
2024-01-04 05:00:00,COMP_2,79.55,38.95,0.62,60.8,53.92,0
2024-01-04 06:00:00,COMP_2,72.51,35.36,1.64,56.27,39.22,0
2024-01-04 07:00:00,COMP_2,69.25,28.89,2.42,62.5,50.55,0
2024-01-04 08:00:00,COMP_2,81.26,31.6,2.14,64.17,52.0,0
2024-01-04 09:00:00,COMP_2,118.63,81.95,11.86,19.43,77.73,0
2024-01-04 10:00:00,COMP_2,136.07,83.46,9.53,24.67,82.9,1
2024-01-04 16:00:00,COMP_2,64.98,43.13,1.22,61.03,31.45,0
2024-01-04 17:00:00,COMP_2,62.79,36.77,1.17,75.06,30.37,0
2024-01-04 18:00:00,COMP_2,69.48,33.73,0.55,53.73,40.34,0
2024-01-04 19:00:00,COMP_2,72.32,34.87,1.83,67.85,30.25,0
2024-01-04 20:00:00,COMP_2,71.6,44.38,1.8,70.33,37.8,0
2024-01-04 21:00:00,COMP_2,79.35,41.14,1.8,79.28,33.14,0
2024-01-04 22:00:00,COMP_2,60.42,41.09,2.52,53.61,36.64,0
2024-01-04 23:00:00,COMP_2,60.44,32.99,2.43,65.54,38.7,0
2024-01-05 00:00:00,COMP_2,69.29,28.02,1.25,69.39,54.35,0
2024-01-05 01:00:00,COMP_2,81.18,28.4,2.75,73.5,49.51,0
2024-01-05 02:00:00,COMP_2,71.45,34.77,1.26,51.97,35.71,0
2024-01-05 03:00:00,COMP_2,119.86,77.1,12.98,22.11,76.16,0
2024-01-05 04:00:00,COMP_2,148.31,88.57,13.28,29.87,85.89,1
2024-01-05 10:00:00,COMP_2,79.42,31.48,2.31,68.59,52.4,0
2024-01-05 11:00:00,COMP_2,81.18,33.36,1.19,79.45,43.18,0
2024-01-05 12:00:00,COMP_2,82.66,30.79,2.11,74.3,53.68,0
2024-01-05 13:00:00,COMP_2,68.43,40.32,1.85,51.82,47.25,0
2024-01-05 14:00:00,COMP_2,77.25,43.82,1.74,56.91,31.11,0
2024-01-05 15:00:00,COMP_2,70.39,33.13,2.4,60.63,53.73,0
2024-01-05 16:00:00,COMP_2,84.06,38.56,2.82,72.83,43.67,0
2024-01-05 17:00:00,COMP_2,64.51,35.8,1.9,75.92,42.03,0
2024-01-05 18:00:00,COMP_2,82.44,39.46,0.84,79.85,43.18,0
2024-01-05 19:00:00,COMP_2,125.67,81.48,7.87,24.55,84.96,0
2024-01-05 20:00:00,COMP_2,126.27,88.83,11.18,18.29,84.18,1
2024-01-06 02:00:00,COMP_2,74.84,29.24,2.06,79.44,34.75,0
2024-01-06 03:00:00,COMP_2,79.81,43.43,2.86,78.8,43.04,0
2024-01-06 04:00:00,COMP_2,84.43,40.87,0.9,64.31,47.96,0
2024-01-06 05:00:00,COMP_2,66.18,38.89,2.17,54.88,44.13,0
2024-01-06 06:00:00,COMP_2,79.29,36.48,0.53,50.27,38.93,0
2024-01-06 07:00:00,COMP_2,83.15,31.89,2.09,56.66,38.04,0
2024-01-06 08:00:00,COMP_2,81.2,40.39,0.74,62.86,30.73,0
2024-01-06 09:00:00,COMP_2,129.24,81.56,7.95,19.33,82.96,0
2024-01-06 10:00:00,COMP_2,146.78,89.83,7.36,26.42,82.43,1
2024-01-06 16:00:00,COMP_2,62.27,28.55,0.64,63.33,36.89,0
2024-01-06 17:00:00,COMP_2,75.55,44.87,1.47,67.22,40.39,0
2024-01-06 18:00:00,COMP_2,81.18,43.34,2.69,79.23,30.69,0
2024-01-06 19:00:00,COMP_2,81.0,40.78,1.07,78.69,33.7,0
2024-01-06 20:00:00,COMP_2,76.99,31.82,1.58,71.57,44.08,0
2024-01-06 21:00:00,COMP_2,70.69,33.55,2.6,54.31,40.75,0
2024-01-06 22:00:00,COMP_2,82.59,42.38,1.5,72.89,50.58,0
2024-01-06 23:00:00,COMP_2,82.22,37.26,1.01,57.66,37.39,0
2024-01-07 00:00:00,COMP_2,74.85,28.56,2.09,60.93,37.38,0
2024-01-07 01:00:00,COMP_2,145.18,76.5,7.76,27.4,75.95,0
2024-01-07 02:00:00,COMP_2,139.07,84.35,9.82,27.37,85.31,1
2024-01-07 08:00:00,COMP_2,73.48,32.8,1.56,51.13,33.2,0
2024-01-07 09:00:00,COMP_2,79.14,28.0,1.54,65.68,31.37,0
2024-01-07 10:00:00,COMP_2,84.33,31.84,1.26,59.12,35.76,0
2024-01-07 11:00:00,COMP_2,60.04,40.4,2.92,56.73,46.58,0
2024-01-07 12:00:00,COMP_2,78.55,42.42,1.56,59.09,38.13,0
2024-01-07 13:00:00,COMP_2,77.82,41.89,0.95,61.13,52.55,0
2024-01-07 14:00:00,COMP_2,142.27,89.62,13.03,20.9,86.81,0
2024-01-07 15:00:00,COMP_2,136.44,66.96,11.36,25.64,78.35,1
2024-01-07 21:00:00,COMP_2,74.59,44.19,0.61,57.96,45.04,0
2024-01-07 22:00:00,COMP_2,67.41,40.15,2.4,53.08,42.85,0
2024-01-07 23:00:00,COMP_2,72.72,34.28,2.83,74.83,47.43,0
2024-01-08 00:00:00,COMP_2,77.86,35.85,2.8,70.84,48.22,0
2024-01-08 01:00:00,COMP_2,81.54,32.66,2.52,55.86,38.63,0
2024-01-08 02:00:00,COMP_2,68.39,44.63,2.64,71.04,48.18,0
2024-01-08 03:00:00,COMP_2,74.05,44.1,1.74,61.42,34.08,0
2024-01-08 04:00:00,COMP_2,79.66,40.49,1.46,50.76,50.97,0
2024-01-08 05:00:00,COMP_2,60.29,39.96,2.93,63.13,35.87,0
2024-01-08 06:00:00,COMP_2,77.62,41.89,1.87,79.01,31.29,0
2024-01-08 07:00:00,COMP_2,72.62,40.21,2.66,55.38,50.0,0
2024-01-08 08:00:00,COMP_2,132.11,74.91,8.05,27.98,78.15,0
2024-01-08 09:00:00,COMP_2,122.39,72.25,13.97,25.09,90.93,1
2024-01-08 15:00:00,COMP_2,75.62,37.72,2.58,77.18,30.3,0
2024-01-08 16:00:00,COMP_2,76.85,28.88,1.87,58.63,37.67,0
2024-01-08 17:00:00,COMP_2,68.82,38.56,1.34,71.98,40.11,0
2024-01-08 18:00:00,COMP_2,61.71,41.32,1.21,62.98,47.14,0
2024-01-08 19:00:00,COMP_2,68.31,28.96,1.43,78.33,46.04,0
2024-01-08 20:00:00,COMP_2,76.79,38.75,1.0,62.55,48.77,0
2024-01-08 21:00:00,COMP_2,62.53,32.72,1.19,62.96,54.51,0
2024-01-08 22:00:00,COMP_2,61.69,36.82,0.95,79.12,32.83,0
2024-01-08 23:00:00,COMP_2,70.09,40.54,2.26,62.68,38.66,0
2024-01-09 00:00:00,COMP_2,69.94,32.49,1.01,64.49,36.71,0
2024-01-09 01:00:00,COMP_2,67.19,39.16,2.92,68.11,31.92,0
2024-01-09 02:00:00,COMP_2,113.02,88.79,9.38,16.38,86.98,0
2024-01-09 03:00:00,COMP_2,134.95,81.21,9.14,15.23,94.3,1
2024-01-09 09:00:00,COMP_2,76.9,40.01,2.03,59.39,36.78,0
2024-01-09 10:00:00,COMP_2,74.94,42.72,2.87,53.18,33.87,0
2024-01-09 11:00:00,COMP_2,83.62,40.52,2.71,56.08,44.69,0
2024-01-09 12:00:00,COMP_2,77.53,39.56,1.52,50.46,44.57,0
2024-01-09 13:00:00,COMP_2,66.33,35.65,2.89,61.97,51.0,0
2024-01-09 14:00:00,COMP_2,64.71,39.43,2.94,53.06,30.21,0
2024-01-09 15:00:00,COMP_2,70.84,29.57,2.37,77.44,40.85,0
2024-01-09 16:00:00,COMP_2,66.47,35.38,2.31,50.27,44.74,0
2024-01-09 17:00:00,COMP_2,134.53,80.94,8.94,25.71,76.83,0
2024-01-09 18:00:00,COMP_2,117.97,86.94,12.91,15.21,79.97,1
2024-01-10 00:00:00,COMP_2,60.4,29.31,2.78,60.65,40.62,0
2024-01-10 01:00:00,COMP_2,65.38,38.15,1.99,61.17,38.33,0
2024-01-10 02:00:00,COMP_2,82.12,34.52,1.73,58.5,49.67,0
2024-01-10 03:00:00,COMP_2,69.94,36.73,1.13,79.63,37.29,0
2024-01-10 04:00:00,COMP_2,79.27,35.27,1.02,73.99,38.34,0
2024-01-10 05:00:00,COMP_2,81.63,43.56,2.65,51.05,49.68,0
2024-01-10 06:00:00,COMP_2,126.45,86.84,12.1,27.5,84.99,0
2024-01-10 07:00:00,COMP_2,131.4,68.61,13.27,21.29,85.0,1
2024-01-01 00:00:00,VALVE_1,60.55,33.12,1.76,51.69,42.28,0
2024-01-01 01:00:00,VALVE_1,83.18,29.79,2.41,62.29,46.38,0
2024-01-01 02:00:00,VALVE_1,66.51,30.71,0.9,52.11,34.64,0
2024-01-01 03:00:00,VALVE_1,76.61,42.99,2.54,70.55,32.76,0
2024-01-01 04:00:00,VALVE_1,67.23,33.27,1.12,65.45,43.39,0
2024-01-01 05:00:00,VALVE_1,68.92,34.01,2.57,73.68,37.69,0
2024-01-01 06:00:00,VALVE_1,82.84,44.2,1.32,60.63,42.64,0
2024-01-01 07:00:00,VALVE_1,147.64,86.91,7.82,20.89,86.07,0
2024-01-01 08:00:00,VALVE_1,130.13,69.85,13.87,25.15,91.76,1
2024-01-01 14:00:00,VALVE_1,70.36,28.23,1.24,63.78,40.28,0
2024-01-01 15:00:00,VALVE_1,78.05,34.54,1.72,62.89,48.52,0
2024-01-01 16:00:00,VALVE_1,81.57,37.04,2.47,58.9,43.53,0
2024-01-01 17:00:00,VALVE_1,68.63,35.04,2.33,76.45,33.04,0
2024-01-01 18:00:00,VALVE_1,75.87,37.9,0.8,56.36,37.78,0
2024-01-01 19:00:00,VALVE_1,64.17,32.14,1.17,60.07,48.73,0
2024-01-01 20:00:00,VALVE_1,74.3,44.77,1.54,72.62,51.79,0
2024-01-01 21:00:00,VALVE_1,76.97,35.0,2.38,56.11,38.19,0
2024-01-01 22:00:00,VALVE_1,131.87,79.39,7.18,29.18,88.93,0
2024-01-01 23:00:00,VALVE_1,129.83,88.33,10.51,29.71,85.25,1
2024-01-02 05:00:00,VALVE_1,69.8,43.23,1.01,65.23,40.48,0
2024-01-02 06:00:00,VALVE_1,60.45,41.48,0.67,64.23,44.02,0
2024-01-02 07:00:00,VALVE_1,75.71,39.71,1.13,50.3,48.09,0
2024-01-02 08:00:00,VALVE_1,73.39,42.21,2.55,75.3,42.13,0
2024-01-02 09:00:00,VALVE_1,68.34,41.46,1.63,55.5,51.37,0
2024-01-02 10:00:00,VALVE_1,82.06,35.93,0.69,61.63,50.09,0
2024-01-02 11:00:00,VALVE_1,82.54,31.46,0.67,76.32,39.74,0
2024-01-02 12:00:00,VALVE_1,73.54,44.46,0.67,69.45,31.85,0
2024-01-02 13:00:00,VALVE_1,69.39,41.66,1.58,79.92,43.98,0
2024-01-02 14:00:00,VALVE_1,68.03,31.74,1.38,61.18,31.72,0
2024-01-02 15:00:00,VALVE_1,124.78,76.61,12.78,24.85,89.18,0
2024-01-02 16:00:00,VALVE_1,110.33,70.44,12.29,22.26,75.11,1
2024-01-02 22:00:00,VALVE_1,62.38,29.76,0.62,67.43,40.65,0
2024-01-02 23:00:00,VALVE_1,73.7,36.86,1.38,70.32,48.96,0
2024-01-03 00:00:00,VALVE_1,60.37,31.52,2.28,61.6,46.56,0
2024-01-03 01:00:00,VALVE_1,68.67,34.64,0.9,57.75,45.14,0
2024-01-03 02:00:00,VALVE_1,70.83,41.16,2.63,66.25,48.96,0
2024-01-03 03:00:00,VALVE_1,67.67,35.05,2.28,61.59,44.71,0
2024-01-03 04:00:00,VALVE_1,64.63,38.2,2.65,76.06,48.11,0
2024-01-03 05:00:00,VALVE_1,78.64,37.48,1.96,54.01,41.1,0
2024-01-03 06:00:00,VALVE_1,71.27,44.29,1.58,66.48,43.33,0
2024-01-03 07:00:00,VALVE_1,135.47,83.71,8.8,22.93,91.52,0
2024-01-03 08:00:00,VALVE_1,128.52,71.96,12.24,27.36,76.26,1
2024-01-03 14:00:00,VALVE_1,80.37,41.23,2.4,55.63,32.21,0
2024-01-03 15:00:00,VALVE_1,77.47,34.26,1.58,50.93,36.49,0
2024-01-03 16:00:00,VALVE_1,60.84,42.95,1.11,66.72,30.97,0
2024-01-03 17:00:00,VALVE_1,76.67,33.49,2.74,76.64,38.13,0
2024-01-03 18:00:00,VALVE_1,82.52,44.93,2.56,75.35,36.23,0
2024-01-03 19:00:00,VALVE_1,74.42,29.14,0.74,79.97,38.17,0
2024-01-03 20:00:00,VALVE_1,78.7,41.71,2.65,79.93,36.04,0
2024-01-03 21:00:00,VALVE_1,61.01,34.99,0.83,50.67,39.01,0
2024-01-03 22:00:00,VALVE_1,79.59,37.63,1.28,69.63,35.8,0
2024-01-03 23:00:00,VALVE_1,60.36,40.99,2.06,72.87,30.97,0
2024-01-04 00:00:00,VALVE_1,143.48,80.49,11.51,24.37,92.29,0
2024-01-04 01:00:00,VALVE_1,133.48,79.52,14.93,26.35,83.85,1
2024-01-04 07:00:00,VALVE_1,63.46,37.84,1.92,76.05,39.48,0
2024-01-04 08:00:00,VALVE_1,69.29,38.51,2.08,64.08,41.08,0
2024-01-04 09:00:00,VALVE_1,72.35,42.64,1.65,78.2,42.6,0
2024-01-04 10:00:00,VALVE_1,83.73,42.16,1.41,75.91,32.75,0
2024-01-04 11:00:00,VALVE_1,83.13,38.74,0.64,69.33,54.36,0
2024-01-04 12:00:00,VALVE_1,61.75,37.43,2.37,74.31,40.35,0
2024-01-04 13:00:00,VALVE_1,65.1,28.72,1.95,63.59,53.72,0
2024-01-04 14:00:00,VALVE_1,112.42,82.13,7.2,17.57,84.07,0
2024-01-04 15:00:00,VALVE_1,128.19,82.14,14.28,24.59,94.07,1
2024-01-04 21:00:00,VALVE_1,63.84,37.73,1.19,77.64,44.58,0
2024-01-04 22:00:00,VALVE_1,74.82,34.03,0.63,50.95,40.58,0
2024-01-04 23:00:00,VALVE_1,62.11,38.32,2.7,76.49,46.48,0
2024-01-05 00:00:00,VALVE_1,65.28,42.67,2.72,55.9,48.44,0
2024-01-05 01:00:00,VALVE_1,67.16,41.64,2.99,50.9,52.43,0
2024-01-05 02:00:00,VALVE_1,75.57,44.55,1.66,75.42,31.56,0
2024-01-05 03:00:00,VALVE_1,68.38,29.14,2.94,74.51,51.31,0
2024-01-05 04:00:00,VALVE_1,83.45,29.45,1.46,52.13,35.27,0
2024-01-05 05:00:00,VALVE_1,65.73,35.97,1.17,53.03,34.19,0
2024-01-05 06:00:00,VALVE_1,63.68,44.54,2.4,79.03,40.99,0
2024-01-05 07:00:00,VALVE_1,121.13,84.96,9.61,19.49,79.65,0
2024-01-05 08:00:00,VALVE_1,115.19,71.41,9.84,25.11,76.25,1
2024-01-05 14:00:00,VALVE_1,64.25,43.27,2.44,52.29,54.67,0
2024-01-05 15:00:00,VALVE_1,66.78,29.68,2.57,71.2,45.43,0
2024-01-05 16:00:00,VALVE_1,63.9,36.13,2.45,59.11,37.79,0
2024-01-05 17:00:00,VALVE_1,60.08,30.96,2.69,63.25,54.61,0
2024-01-05 18:00:00,VALVE_1,69.89,40.16,1.2,60.91,34.77,0
2024-01-05 19:00:00,VALVE_1,68.68,37.3,2.98,69.93,34.98,0
2024-01-05 20:00:00,VALVE_1,61.12,30.15,1.91,72.95,53.51,0
2024-01-05 21:00:00,VALVE_1,60.4,36.89,1.68,69.68,43.99,0
2024-01-05 22:00:00,VALVE_1,77.18,39.19,0.79,73.99,33.08,0
2024-01-05 23:00:00,VALVE_1,77.46,35.07,1.78,77.1,52.25,0
2024-01-06 00:00:00,VALVE_1,142.71,77.75,12.89,22.69,92.39,0
2024-01-06 01:00:00,VALVE_1,126.11,89.26,14.46,26.12,80.59,1
2024-01-06 07:00:00,VALVE_1,81.37,30.81,2.64,64.72,40.16,0
2024-01-06 08:00:00,VALVE_1,82.58,38.27,1.94,66.76,39.28,0
2024-01-06 09:00:00,VALVE_1,79.64,32.3,2.85,76.82,38.44,0
2024-01-06 10:00:00,VALVE_1,78.24,37.74,1.34,79.66,30.63,0
2024-01-06 11:00:00,VALVE_1,66.32,36.84,1.8,67.67,48.79,0
2024-01-06 12:00:00,VALVE_1,75.59,38.2,0.63,61.3,35.8,0
2024-01-06 13:00:00,VALVE_1,66.63,37.42,1.0,58.82,35.93,0
2024-01-06 14:00:00,VALVE_1,83.71,44.06,2.02,77.74,49.65,0
2024-01-06 15:00:00,VALVE_1,74.75,28.11,2.43,71.07,45.38,0
2024-01-06 16:00:00,VALVE_1,79.01,36.72,2.26,78.06,39.4,0
2024-01-06 17:00:00,VALVE_1,77.7,36.09,2.19,72.89,31.14,0
2024-01-06 18:00:00,VALVE_1,135.86,70.67,12.36,22.02,90.47,0
2024-01-06 19:00:00,VALVE_1,114.94,80.66,9.23,27.79,93.57,1
2024-01-07 01:00:00,VALVE_1,79.9,40.81,1.04,60.08,41.64,0
2024-01-07 02:00:00,VALVE_1,79.33,43.55,0.97,77.67,47.39,0
2024-01-07 03:00:00,VALVE_1,75.27,31.4,0.64,67.05,46.29,0
2024-01-07 04:00:00,VALVE_1,65.27,37.46,2.64,75.05,53.18,0
2024-01-07 05:00:00,VALVE_1,69.15,33.41,2.37,62.93,32.19,0
2024-01-07 06:00:00,VALVE_1,67.07,35.12,1.23,59.97,37.34,0
2024-01-07 07:00:00,VALVE_1,111.66,80.93,11.78,24.8,78.85,0
2024-01-07 08:00:00,VALVE_1,121.83,80.49,11.8,22.59,82.01,1
2024-01-07 14:00:00,VALVE_1,67.04,44.38,0.53,71.48,47.66,0
2024-01-07 15:00:00,VALVE_1,75.57,44.83,1.28,60.2,31.97,0
2024-01-07 16:00:00,VALVE_1,71.07,32.44,1.36,75.04,53.39,0
2024-01-07 17:00:00,VALVE_1,64.64,34.33,2.82,51.85,32.31,0
2024-01-07 18:00:00,VALVE_1,64.07,38.12,0.88,79.04,41.17,0
2024-01-07 19:00:00,VALVE_1,72.54,32.19,1.68,69.86,48.78,0
2024-01-07 20:00:00,VALVE_1,140.15,79.45,14.23,27.26,90.14,0
2024-01-07 21:00:00,VALVE_1,112.22,65.17,8.7,24.95,83.22,1
2024-01-08 03:00:00,VALVE_1,81.4,34.07,2.39,58.85,37.47,0
2024-01-08 04:00:00,VALVE_1,62.68,35.48,2.32,78.21,45.09,0
2024-01-08 05:00:00,VALVE_1,81.58,41.98,0.93,64.57,32.92,0
2024-01-08 06:00:00,VALVE_1,77.05,44.15,0.84,72.02,45.81,0
2024-01-08 07:00:00,VALVE_1,74.59,34.63,1.39,51.36,35.45,0
2024-01-08 08:00:00,VALVE_1,60.38,37.88,0.76,76.19,43.08,0
2024-01-08 09:00:00,VALVE_1,77.49,34.98,1.9,78.28,32.07,0
2024-01-08 10:00:00,VALVE_1,120.16,84.5,7.79,16.13,82.23,0
2024-01-08 11:00:00,VALVE_1,113.69,79.63,8.81,28.44,90.67,1
2024-01-08 17:00:00,VALVE_1,75.42,42.68,1.06,76.19,49.74,0
2024-01-08 18:00:00,VALVE_1,78.7,37.54,1.12,62.71,49.84,0
2024-01-08 19:00:00,VALVE_1,60.79,41.29,1.1,54.33,32.89,0
2024-01-08 20:00:00,VALVE_1,60.68,36.9,1.05,79.68,44.36,0
2024-01-08 21:00:00,VALVE_1,63.45,39.71,2.74,72.36,31.91,0
2024-01-08 22:00:00,VALVE_1,82.4,41.5,0.9,51.55,43.93,0
2024-01-08 23:00:00,VALVE_1,63.9,42.19,1.4,77.39,44.14,0
2024-01-09 00:00:00,VALVE_1,64.57,30.37,1.94,72.86,49.54,0
2024-01-09 01:00:00,VALVE_1,66.89,31.47,0.54,70.38,31.91,0
2024-01-09 02:00:00,VALVE_1,126.83,80.04,14.5,19.68,80.0,0
2024-01-09 03:00:00,VALVE_1,136.17,80.48,9.66,28.92,91.9,1
2024-01-09 09:00:00,VALVE_1,62.91,38.42,2.85,69.85,31.92,0
2024-01-09 10:00:00,VALVE_1,68.87,37.36,1.51,75.01,50.37,0
2024-01-09 11:00:00,VALVE_1,75.3,34.35,1.14,53.18,38.87,0
2024-01-09 12:00:00,VALVE_1,70.33,39.49,2.15,52.1,39.88,0
2024-01-09 13:00:00,VALVE_1,64.54,30.67,2.57,51.26,40.48,0
2024-01-09 14:00:00,VALVE_1,64.21,42.95,1.89,56.94,42.56,0
2024-01-09 15:00:00,VALVE_1,78.29,44.29,1.05,76.59,53.36,0
2024-01-09 16:00:00,VALVE_1,82.91,38.8,2.07,62.1,48.81,0
2024-01-09 17:00:00,VALVE_1,73.28,39.52,1.57,71.94,50.61,0
2024-01-09 18:00:00,VALVE_1,115.86,85.82,11.32,27.67,83.63,0
2024-01-09 19:00:00,VALVE_1,125.16,87.88,9.01,27.66,84.68,1
2024-01-01 00:00:00,VALVE_2,82.54,31.66,2.71,66.78,50.71,0
2024-01-01 01:00:00,VALVE_2,77.82,39.84,1.31,57.02,35.27,0
2024-01-01 02:00:00,VALVE_2,81.43,41.95,1.6,53.97,39.56,0
2024-01-01 03:00:00,VALVE_2,75.48,35.72,2.45,79.93,34.78,0
2024-01-01 04:00:00,VALVE_2,71.49,35.33,1.26,55.94,31.64,0
2024-01-01 05:00:00,VALVE_2,82.18,35.14,1.74,77.51,49.41,0
2024-01-01 06:00:00,VALVE_2,63.26,37.61,1.61,73.92,48.11,0
2024-01-01 07:00:00,VALVE_2,77.26,33.79,2.51,51.57,33.99,0
2024-01-01 08:00:00,VALVE_2,68.39,29.31,1.09,74.9,53.71,0
2024-01-01 09:00:00,VALVE_2,67.62,32.5,1.2,58.33,30.9,0
2024-01-01 10:00:00,VALVE_2,147.08,70.34,10.36,15.15,92.16,0
2024-01-01 11:00:00,VALVE_2,139.25,88.67,13.25,19.71,79.96,1
2024-01-01 17:00:00,VALVE_2,74.71,34.76,2.93,66.33,36.88,0
2024-01-01 18:00:00,VALVE_2,77.74,32.62,2.76,61.24,43.75,0
2024-01-01 19:00:00,VALVE_2,61.26,35.24,2.58,74.17,35.61,0
2024-01-01 20:00:00,VALVE_2,65.65,41.89,2.83,52.86,41.25,0
2024-01-01 21:00:00,VALVE_2,68.44,42.8,0.71,56.33,48.81,0
2024-01-01 22:00:00,VALVE_2,61.28,36.37,1.61,60.03,39.86,0
2024-01-01 23:00:00,VALVE_2,73.25,30.74,1.93,74.16,49.0,0
2024-01-02 00:00:00,VALVE_2,116.16,68.73,9.15,20.42,83.17,0
2024-01-02 01:00:00,VALVE_2,137.19,66.42,7.28,20.88,88.94,1
2024-01-02 07:00:00,VALVE_2,66.16,44.59,1.36,60.12,37.8,0
2024-01-02 08:00:00,VALVE_2,63.05,29.89,2.12,76.25,49.76,0
2024-01-02 09:00:00,VALVE_2,63.53,37.27,0.76,51.36,46.41,0
2024-01-02 10:00:00,VALVE_2,73.38,29.39,0.59,79.69,30.75,0
2024-01-02 11:00:00,VALVE_2,71.11,36.58,0.79,55.07,38.8,0
2024-01-02 12:00:00,VALVE_2,79.04,36.62,2.09,79.56,49.2,0
2024-01-02 13:00:00,VALVE_2,70.86,35.59,2.05,69.96,42.52,0
2024-01-02 14:00:00,VALVE_2,76.12,28.4,1.57,58.37,33.23,0
2024-01-02 15:00:00,VALVE_2,62.49,38.25,1.81,57.61,41.77,0
2024-01-02 16:00:00,VALVE_2,72.31,31.32,2.13,73.43,49.79,0
2024-01-02 17:00:00,VALVE_2,134.1,77.79,7.49,19.32,76.87,0
2024-01-02 18:00:00,VALVE_2,148.55,68.38,8.21,28.34,93.88,1
2024-01-03 00:00:00,VALVE_2,77.06,37.78,1.57,58.28,49.21,0
2024-01-03 01:00:00,VALVE_2,65.66,39.77,1.08,68.76,48.68,0
2024-01-03 02:00:00,VALVE_2,65.47,29.02,0.83,68.18,51.24,0
2024-01-03 03:00:00,VALVE_2,61.12,40.48,1.35,64.36,53.22,0
2024-01-03 04:00:00,VALVE_2,68.3,35.91,0.53,52.45,36.46,0
2024-01-03 05:00:00,VALVE_2,60.7,38.73,1.57,66.44,34.37,0
2024-01-03 06:00:00,VALVE_2,121.84,81.6,14.72,15.76,92.81,0
2024-01-03 07:00:00,VALVE_2,133.08,79.1,11.0,16.04,76.8,1
2024-01-03 13:00:00,VALVE_2,63.19,41.6,2.66,54.52,51.29,0
2024-01-03 14:00:00,VALVE_2,84.79,40.36,2.46,79.83,45.14,0
2024-01-03 15:00:00,VALVE_2,67.7,42.24,2.04,67.44,36.34,0
2024-01-03 16:00:00,VALVE_2,78.91,29.39,2.81,59.77,33.19,0
2024-01-03 17:00:00,VALVE_2,71.06,28.72,2.21,77.08,50.93,0
2024-01-03 18:00:00,VALVE_2,63.18,30.15,2.53,77.73,41.52,0
2024-01-03 19:00:00,VALVE_2,72.47,33.41,2.74,69.35,37.21,0
2024-01-03 20:00:00,VALVE_2,121.95,87.28,7.11,19.84,86.09,0
2024-01-03 21:00:00,VALVE_2,115.93,67.3,13.52,28.42,91.47,1
2024-01-04 03:00:00,VALVE_2,72.86,29.45,1.87,61.4,45.18,0
2024-01-04 04:00:00,VALVE_2,69.72,32.09,0.74,59.45,32.42,0
2024-01-04 05:00:00,VALVE_2,64.42,44.78,1.61,65.96,51.84,0
2024-01-04 06:00:00,VALVE_2,84.89,37.91,2.53,59.81,37.64,0
2024-01-04 07:00:00,VALVE_2,70.07,39.43,2.21,59.46,33.33,0
2024-01-04 08:00:00,VALVE_2,75.81,30.18,1.95,70.8,47.52,0
2024-01-04 09:00:00,VALVE_2,78.84,42.84,1.75,71.91,45.48,0
2024-01-04 10:00:00,VALVE_2,64.67,28.44,1.21,63.29,45.43,0
2024-01-04 11:00:00,VALVE_2,81.25,31.34,0.81,78.9,32.7,0
2024-01-04 12:00:00,VALVE_2,71.96,37.95,1.85,52.58,31.43,0
2024-01-04 13:00:00,VALVE_2,114.22,79.64,11.35,18.51,87.76,0
2024-01-04 14:00:00,VALVE_2,142.8,66.04,10.99,25.34,80.05,1
2024-01-04 20:00:00,VALVE_2,76.32,30.62,2.94,66.34,33.39,0
2024-01-04 21:00:00,VALVE_2,82.34,29.27,2.77,79.9,47.51,0
2024-01-04 22:00:00,VALVE_2,79.26,33.73,2.85,65.89,48.31,0
2024-01-04 23:00:00,VALVE_2,83.1,44.58,2.58,59.09,54.16,0
2024-01-05 00:00:00,VALVE_2,75.7,43.82,2.19,59.22,39.25,0
2024-01-05 01:00:00,VALVE_2,73.76,41.43,1.29,67.39,38.64,0
2024-01-05 02:00:00,VALVE_2,80.39,35.93,0.69,54.98,31.53,0
2024-01-05 03:00:00,VALVE_2,72.48,29.81,0.79,78.23,51.82,0
2024-01-05 04:00:00,VALVE_2,71.3,44.76,0.5,68.42,45.41,0
2024-01-05 05:00:00,VALVE_2,71.44,34.75,1.64,62.45,48.26,0
2024-01-05 06:00:00,VALVE_2,63.38,31.36,0.95,57.87,43.13,0
2024-01-05 07:00:00,VALVE_2,114.45,86.7,9.38,17.44,88.51,0
2024-01-05 08:00:00,VALVE_2,111.52,80.5,12.59,18.22,75.84,1
2024-01-05 14:00:00,VALVE_2,81.8,37.81,1.36,74.09,43.51,0
2024-01-05 15:00:00,VALVE_2,61.98,37.62,2.77,61.89,37.41,0
2024-01-05 16:00:00,VALVE_2,63.59,30.57,1.58,67.87,32.02,0
2024-01-05 17:00:00,VALVE_2,83.49,40.84,1.97,74.85,32.0,0
2024-01-05 18:00:00,VALVE_2,71.92,38.71,2.57,73.5,36.93,0
2024-01-05 19:00:00,VALVE_2,83.52,30.11,2.69,79.13,34.43,0
2024-01-05 20:00:00,VALVE_2,78.05,28.68,1.51,65.49,44.52,0
2024-01-05 21:00:00,VALVE_2,147.44,81.81,10.85,27.15,94.01,0
2024-01-05 22:00:00,VALVE_2,110.88,89.56,7.69,27.22,80.61,1
2024-01-06 04:00:00,VALVE_2,68.79,38.38,0.56,53.49,33.18,0
2024-01-06 05:00:00,VALVE_2,64.73,35.81,2.38,77.17,50.88,0
2024-01-06 06:00:00,VALVE_2,64.92,35.5,1.0,57.93,42.59,0
2024-01-06 07:00:00,VALVE_2,61.7,31.71,2.84,63.98,41.13,0
2024-01-06 08:00:00,VALVE_2,60.36,32.21,2.67,54.94,40.38,0
2024-01-06 09:00:00,VALVE_2,60.36,36.13,0.55,74.59,50.62,0
2024-01-06 10:00:00,VALVE_2,79.69,32.82,2.59,66.29,39.35,0
2024-01-06 11:00:00,VALVE_2,75.63,28.21,0.86,72.27,36.1,0
2024-01-06 12:00:00,VALVE_2,74.95,34.55,2.64,78.57,52.09,0
2024-01-06 13:00:00,VALVE_2,66.77,31.3,1.69,50.22,30.65,0
2024-01-06 14:00:00,VALVE_2,73.83,36.85,2.99,56.06,36.45,0
2024-01-06 15:00:00,VALVE_2,114.54,87.94,13.22,27.34,93.06,0
2024-01-06 16:00:00,VALVE_2,131.0,76.28,9.64,23.84,84.09,1
2024-01-06 22:00:00,VALVE_2,61.93,30.89,0.82,53.7,42.96,0
2024-01-06 23:00:00,VALVE_2,66.15,34.09,2.97,70.53,53.72,0
2024-01-07 00:00:00,VALVE_2,63.56,34.5,1.89,52.3,30.1,0
2024-01-07 01:00:00,VALVE_2,76.76,38.91,1.53,64.69,40.39,0
2024-01-07 02:00:00,VALVE_2,60.6,33.7,0.94,52.95,53.92,0
2024-01-07 03:00:00,VALVE_2,74.98,40.39,1.29,61.79,35.92,0
2024-01-07 04:00:00,VALVE_2,113.88,69.48,13.38,25.16,85.94,0
2024-01-07 05:00:00,VALVE_2,129.0,88.06,7.58,19.21,82.0,1
2024-01-07 11:00:00,VALVE_2,81.09,33.52,2.22,78.85,48.26,0
2024-01-07 12:00:00,VALVE_2,72.25,38.72,2.35,68.37,30.42,0
2024-01-07 13:00:00,VALVE_2,64.87,41.78,1.18,71.95,39.3,0
2024-01-07 14:00:00,VALVE_2,73.05,29.16,0.95,78.72,52.25,0
2024-01-07 15:00:00,VALVE_2,76.31,35.81,2.19,68.56,44.21,0
2024-01-07 16:00:00,VALVE_2,61.48,38.76,2.42,79.82,30.28,0
2024-01-07 17:00:00,VALVE_2,78.25,37.72,1.59,53.83,40.23,0
2024-01-07 18:00:00,VALVE_2,68.86,33.15,2.33,71.02,44.73,0
2024-01-07 19:00:00,VALVE_2,147.55,73.75,8.95,24.84,78.98,0
2024-01-07 20:00:00,VALVE_2,122.6,70.62,7.55,27.41,80.09,1
2024-01-08 02:00:00,VALVE_2,61.08,39.89,1.33,72.34,40.31,0
2024-01-08 03:00:00,VALVE_2,64.89,36.72,0.83,63.22,37.93,0
2024-01-08 04:00:00,VALVE_2,82.8,29.04,2.24,55.48,37.98,0
2024-01-08 05:00:00,VALVE_2,70.39,43.44,1.11,52.74,37.97,0
2024-01-08 06:00:00,VALVE_2,62.62,30.19,1.93,51.83,30.77,0
2024-01-08 07:00:00,VALVE_2,77.86,34.15,0.81,57.61,46.05,0
2024-01-08 08:00:00,VALVE_2,66.89,36.41,0.8,67.64,37.9,0
2024-01-08 09:00:00,VALVE_2,135.08,85.21,11.89,19.44,80.11,0
2024-01-08 10:00:00,VALVE_2,123.1,69.12,8.45,26.86,82.69,1
